,Unnamed: 0,urls,restaurants,stars
0,2021-03-01T18:03:31+0000,https://www.nytimes.com/2021/03/01/dining/winner-restaurant-review.html,winner ,0
1,2021-02-12T18:36:55+0000,https://www.nytimes.com/2021/02/12/dining/falansai-review-vietnamese-food.html,falansai vietnamese food,0
2,2020-12-01T17:44:20+0000,https://www.nytimes.com/2020/12/01/dining/ayat-review-palestinian-food.html,ayat palestinian food,0
3,2020-11-23T18:00:37+0000,https://www.nytimes.com/2020/11/23/dining/bilao-review.html,bilao,0
4,2020-11-10T17:12:25+0000,https://www.nytimes.com/2020/11/10/dining/silver-apricot-review.html,silver apricot,0
5,2020-10-27T16:30:08+0000,https://www.nytimes.com/2020/10/27/dining/mokyo-review.html,mokyo,0
6,2020-10-20T16:13:52+0000,https://www.nytimes.com/2020/10/20/dining/pata-paplean-queens-review.html,pata paplean queens,0
7,2020-10-06T15:54:22+0000,https://www.nytimes.com/2020/10/06/dining/kokomo-brooklyn-review.html,kokomo brooklyn,0
8,2020-09-21T19:30:55+0000,https://www.nytimes.com/2020/09/21/dining/rangoon-review-burmese-food-nyc.html,rangoon burmese food nyc,0
9,2019-10-29T14:55:49+0000,https://www.nytimes.com/2019/10/29/dining/peter-luger-review-pete-wells.html,peter luger ,0
10,2017-01-24T17:00:49+0000,https://www.nytimes.com/2017/01/24/dining/fowler-and-wells-restaurant-review-beekman-hotel.html,fowler and wells  beekman hotel,2
11,2015-09-22T16:26:35+0000,https://www.nytimes.com/2015/09/23/dining/restaurant-review-gabriel-kreuther-in-midtown.html, gabriel kreuther in midtown,3
12,2019-03-19T16:30:43+0000,https://www.nytimes.com/2019/03/19/dining/odo-restaurant-review.html,odo ,3
13,2010-09-21T21:24:42+0000,https://www.nytimes.com/2010/09/22/dining/reviews/22rest.html,22rest,0
14,2016-12-13T19:07:21+0000,https://www.nytimes.com/2016/12/13/dining/best-restaurant-dishes-in-nyc-pete-wells.html,best  dishes in nyc ,0
15,2010-02-17T00:37:47+0000,https://www.nytimes.com/2010/02/17/dining/reviews/17brief-001.html,17brief 001,0
16,2018-09-11T15:21:08+0000,https://www.nytimes.com/2018/09/11/dining/sofreh-review.html,sofreh,2
17,2015-06-09T16:03:49+0000,https://www.nytimes.com/2015/06/10/dining/restaurant-review-mission-chinese-food-on-the-lower-east-side.html, mission chinese food ,2
18,2008-11-04T22:46:58+0000,https://www.nytimes.com/2008/11/05/dining/reviews/05brief-001.html,05brief 001,0
19,2010-03-16T22:34:16+0000,https://www.nytimes.com/2010/03/17/dining/reviews/17dinbriefs-001.html,17dinbriefs 001,0
20,2010-06-22T22:56:23+0000,https://www.nytimes.com/2010/06/23/dining/reviews/23dinbriefs.html,23dinbriefs,0
21,2012-05-08T23:42:36+0000,https://www.nytimes.com/2012/05/09/dining/reviews/frej-brooklyn-restaurant-review.html,frej brooklyn ,0
22,2008-12-31T00:48:32+0000,https://www.nytimes.com/2008/12/31/dining/reviews/31brief-002.html,31brief 002,0
23,2011-01-19T00:01:12+0000,https://www.nytimes.com/2011/01/19/dining/reviews/19dinbriefs-2.html,19dinbriefs 2,0
24,2013-11-14T22:26:03+0000,https://www.nytimes.com/2013/11/20/dining/reviews/wines-for-thanksgiving-mixing-without-trying-to-match.html,wines for thanksgiving mixing without trying to match,0
25,2012-02-21T23:58:30+0000,https://www.nytimes.com/2012/02/22/dining/reviews/allswell-nyc-restaurant-review.html,allswell nyc ,0
26,2016-05-24T15:45:29+0000,https://www.nytimes.com/2016/05/25/dining/indian-accent-restaurant-review.html,indian accent ,2
27,2018-09-18T16:13:02+0000,https://www.nytimes.com/2018/09/18/dining/shoji-at-69-leonard-street-review.html,shoji at 69 leonard street,3
28,2012-01-11T00:22:48+0000,https://www.nytimes.com/2012/01/11/dining/reviews/onegin-nyc-restaurant-review.html,onegin nyc ,0
29,2009-09-29T22:54:28+0000,https://www.nytimes.com/2009/09/30/dining/reviews/30brief-001.html,30brief 001,0
30,2012-03-06T23:11:51+0000,https://www.nytimes.com/2012/03/07/dining/reviews/pok-pok-wing-on-the-lower-east-side.html,pok pok wing ,0
31,2015-08-11T16:00:23+0000,https://www.nytimes.com/2015/08/12/dining/restaurant-review-chevalier-in-midtown.html, chevalier in midtown,2
32,2015-07-14T15:28:23+0000,https://www.nytimes.com/2015/07/15/dining/restaurant-review-rebelle-in-nolita.html, rebelle in nolita,2
33,2016-10-18T15:34:06+0000,https://www.nytimes.com/2016/10/19/dining/karasu-zadies-oyster-room-review.html,karasu zadies oyster room,1
34,2011-11-08T18:53:22+0000,https://www.nytimes.com/2011/11/09/dining/reviews/wines-for-thanksgiving-dinner-review.html,wines for thanksgiving dinner,0
35,2016-01-12T16:18:59+0000,https://www.nytimes.com/2016/01/13/dining/pete-wells-per-se-review.html, per se,2
36,2016-06-21T15:01:37+0000,https://www.nytimes.com/2016/06/22/dining/grunauer-bistro-review.html,grunauer bistro,1
37,2016-09-06T12:03:06+0000,https://www.nytimes.com/2016/09/07/dining/cassia-santa-monica-restaurant-review-pete-wells.html,cassia santa monica  ,3
38,2015-08-04T17:26:21+0000,https://www.nytimes.com/2015/08/05/dining/restaurant-review-untitled-at-the-whitney-in-the-meatpacking-district.html, untitled at the whitney in the meatpacking district,2
39,2019-12-03T16:57:12+0000,https://www.nytimes.com/2019/12/03/dining/nami-nori-review-pete-wells.html,nami nori ,2
40,2016-02-09T16:19:44+0000,https://www.nytimes.com/2016/02/10/dining/llama-inn-review.html,llama inn,2
41,2009-06-16T23:50:11+0000,https://www.nytimes.com/2009/06/17/dining/reviews/17brief-001.html,17brief 001,0
42,2016-04-12T16:04:45+0000,https://www.nytimes.com/2016/04/13/dining/i-sodi-restaurant-review.html,i sodi ,2
43,2016-02-02T16:45:59+0000,https://www.nytimes.com/2016/02/03/dining/benoit-review.html,benoit,2
44,2014-05-13T17:58:31+0000,https://www.nytimes.com/2014/05/14/dining/restaurant-review-el-quinto-pino-in-chelsea.html, el quinto pino in chelsea,2
45,2010-08-31T23:16:51+0000,https://www.nytimes.com/2010/09/01/dining/reviews/01dinbriefs-2.html,01dinbriefs 2,0
46,2013-09-17T21:11:59+0000,https://www.nytimes.com/2013/09/18/dining/reviews/restaurant-review-estela-in-nolita.html, estela in nolita,2
47,2018-12-31T18:34:57+0000,https://www.nytimes.com/2018/12/31/dining/hwaban-korean-restaurant-review.html,hwaban korean ,2
48,2014-01-28T22:00:25+0000,https://www.nytimes.com/2014/01/29/dining/restaurant-review-m-wells-steakhouse-in-long-island-city-queens.html, m wells steakhouse in long island city queens,1
49,2017-12-19T17:26:29+0000,https://www.nytimes.com/2017/12/19/dining/wallse-review-austrian-restaurant.html,wallse austrian ,1
50,2016-05-10T15:31:58+0000,https://www.nytimes.com/2016/05/11/dining/cafe-altro-paradiso-review.html,cafe altro paradiso,2
51,2018-03-27T15:24:33+0000,https://www.nytimes.com/2018/03/27/dining/chez-ma-tante-review-brookyn.html,chez ma tante brookyn,2
52,2016-03-29T15:08:29+0000,https://www.nytimes.com/2016/03/30/dining/lilia-restaurant-review.html,lilia ,3
53,2014-04-29T19:54:11+0000,https://www.nytimes.com/2014/04/30/dining/restaurant-review-cagen-in-the-east-village-and-ristorante-morini-on-the-upper-east-side.html, cagen in the east village and ristorante morini on the upper east side,2
54,2016-10-11T16:43:23+0000,https://www.nytimes.com/2016/10/12/dining/pondicheri-restaurant-review.html,pondicheri ,2
55,2015-08-18T17:16:58+0000,https://www.nytimes.com/2015/08/19/dining/restaurant-review-oiji-in-the-east-village.html, oiji in the east village,2
56,2017-04-11T17:02:23+0000,https://www.nytimes.com/2017/04/11/dining/torishin-review-japanese-yakitori.html,torishin japanese yakitori,3
57,2016-11-08T20:28:26+0000,https://www.nytimes.com/2016/11/09/dining/paowalla-review.html,paowalla,2
58,2015-10-06T16:16:27+0000,https://www.nytimes.com/2015/10/07/dining/restaurant-review-wildair-on-the-lower-east-side.html, wildair ,2
59,2017-04-04T16:08:18+0000,https://www.nytimes.com/2017/04/04/dining/babbo-review-pete-wells.html,babbo ,2
60,2018-10-02T16:08:08+0000,https://www.nytimes.com/2018/10/02/dining/village-cafe-review-brooklyn.html,village cafe brooklyn,2
61,2017-05-02T16:13:33+0000,https://www.nytimes.com/2017/05/02/dining/loring-place-review-greenwich-village.html,loring place greenwich village,2
62,2018-05-22T15:09:27+0000,https://www.nytimes.com/2018/05/22/dining/wokuni-sushi-japanese-restaurant.html,wokuni sushi japanese ,1
63,2015-09-29T16:30:57+0000,https://www.nytimes.com/2015/09/30/dining/restaurant-review-houseman-in-hudson-square.html, houseman in hudson square,2
64,2014-09-02T20:55:21+0000,https://www.nytimes.com/2014/09/03/dining/restaurant-review-bar-primi-in-the-east-village.html, bar primi in the east village,2
65,2014-03-18T20:58:53+0000,https://www.nytimes.com/2014/03/19/dining/restaurant-review-rotisserie-georgette-on-the-upper-east-side.html, rotisserie georgette on the upper east side,2
66,2017-11-07T17:04:03+0000,https://www.nytimes.com/2017/11/07/dining/sen-sakana-review-peruvian-food-nikkei.html,sen sakana peruvian food nikkei,1
67,2014-01-21T21:59:10+0000,https://www.nytimes.com/2014/01/22/dining/restaurant-review-han-dynasty-in-the-east-village-and-hirohisa-in-soho.html, han dynasty in the east village and hirohisa in soho,1
68,2017-02-21T17:42:18+0000,https://www.nytimes.com/2017/02/21/dining/sahib-review-indian-restaurant-nyc.html,sahib indian  nyc,2
69,2018-07-03T15:49:42+0000,https://www.nytimes.com/2018/07/03/dining/restaurant-nippon-review.html, nippon,1
70,2012-11-08T22:30:03+0000,https://www.nytimes.com/2012/11/14/dining/reviews/wines-that-make-friends-easily-at-a-crowded-thanksgiving-table.html,wines that make friends easily at a crowded thanksgiving table,0
71,2013-11-26T20:56:26+0000,https://www.nytimes.com/2013/11/27/dining/reviews/restaurant-review-somtum-der-in-the-east-village.html, somtum der in the east village,1
72,2017-03-28T16:57:54+0000,https://www.nytimes.com/2017/03/28/dining/augustine-review-french-food-nyc-keith-mcnally.html,augustine french food nyc keith mcnally,1
73,2016-12-27T20:24:34+0000,https://www.nytimes.com/2016/12/27/dining/the-odeon-review.html,the odeon,1
74,2016-11-22T19:00:01+0000,https://www.nytimes.com/2016/11/22/dining/fish-cheeks-review-restaurant-noho.html,fish cheeks  noho,1
75,2016-09-13T19:29:18+0000,https://www.nytimes.com/2016/09/14/dining/hao-noodle-and-tea-by-madam-zhus-kitchen-review.html,hao noodle and tea by madam zhus kitchen,2
76,2018-05-15T15:04:01+0000,https://www.nytimes.com/2018/05/15/dining/simon-and-the-whale-restaurant-review-flatiron.html,simon and the whale  flatiron,2
77,2015-07-21T16:35:51+0000,https://www.nytimes.com/2015/07/22/dining/restaurant-review-lupulo-in-chelsea.html, lupulo in chelsea,2
78,2012-04-10T21:36:51+0000,https://www.nytimes.com/2012/04/11/dining/reviews/kyo-ya-nyc-restaurant-review.html,kyo ya nyc ,0
79,2016-10-04T16:47:16+0000,https://www.nytimes.com/2016/10/05/dining/carla-hall-southern-kitchen-review.html,carla hall southern kitchen,1
80,2016-03-15T15:37:12+0000,https://www.nytimes.com/2016/03/16/dining/insa-restaurant-review.html,insa ,2
81,2016-02-23T16:39:31+0000,https://www.nytimes.com/2016/02/24/dining/little-pepper-review.html,little pepper,2
82,2017-05-22T18:02:43+0000,https://www.nytimes.com/2017/05/22/dining/italienne-review-restaurant-jared-sippel.html,italienne  jared sippel,1
83,2015-05-26T18:06:04+0000,https://www.nytimes.com/2015/05/27/dining/restaurant-review-aquavit-in-midtown.html, aquavit in midtown,3
84,2015-05-19T16:06:12+0000,https://www.nytimes.com/2015/05/20/dining/restaurant-review-javelina-in-gramercy-park.html, javelina in gramercy park,0
85,2013-07-30T20:46:03+0000,https://www.nytimes.com/2013/07/31/dining/reviews/restaurant-review-abc-cocina-in-manhattan.html, abc cocina in manhattan,2
86,2017-09-19T15:59:59+0000,https://www.nytimes.com/2017/09/19/dining/prune-review.html,prune,2
87,2016-02-16T16:24:53+0000,https://www.nytimes.com/2016/02/17/dining/pizza-moto-review.html,pizza moto,1
88,2019-01-15T16:36:49+0000,https://www.nytimes.com/2019/01/15/dining/benno-restaurant-review.html,benno ,3
89,2017-05-09T16:16:54+0000,https://www.nytimes.com/2017/05/09/dining/atoboy-review-korean-restaurant-nyc.html,atoboy korean  nyc,2
90,2018-02-13T17:24:12+0000,https://www.nytimes.com/2018/02/13/dining/hwa-yuan-szechuan-review-chinese-food.html,hwa yuan szechuan chinese food,2
91,2016-03-22T15:27:47+0000,https://www.nytimes.com/2016/03/23/dining/lowlife-restaurant-review.html,lowlife ,1
92,2019-03-12T15:22:28+0000,https://www.nytimes.com/2019/03/12/dining/cka-ka-qellu-review.html,cka ka qellu,2
93,2015-12-01T17:02:26+0000,https://www.nytimes.com/2015/12/02/dining/vaucluse-review.html,vaucluse,1
94,2018-11-27T16:20:51+0000,https://www.nytimes.com/2018/11/27/dining/saint-julivert-fisherie-review.html,saint julivert fisherie,1
95,2014-04-01T17:58:44+0000,https://www.nytimes.com/2014/04/02/dining/restaurant-review-the-peacock-and-the-shakespeare-in-midtown.html, the peacock and the shakespeare in midtown,1
96,2014-03-11T20:59:13+0000,https://www.nytimes.com/2014/03/12/dining/restaurant-review-contra-on-the-lower-east-side.html, contra ,2
97,2016-06-14T16:42:31+0000,https://www.nytimes.com/2016/06/15/dining/le-coq-rico-review.html,le coq rico,2
98,2017-07-25T16:18:43+0000,https://www.nytimes.com/2017/07/25/dining/atla-review-mexican-restaurant-noho.html,atla mexican  noho,2
99,2016-09-20T15:57:07+0000,https://www.nytimes.com/2016/09/21/dining/gunter-seeger-ny-review.html,gunter seeger ny,2
100,2016-08-09T15:44:18+0000,https://www.nytimes.com/2016/08/10/dining/olmsted-restaurant-review.html,olmsted ,2
101,2016-07-12T14:56:43+0000,https://www.nytimes.com/2016/07/13/dining/mimi-restaurant-review.html,mimi ,1
102,2016-06-28T15:57:16+0000,https://www.nytimes.com/2016/06/29/dining/freeks-mill-review.html,freeks mill,2
103,2015-02-17T18:00:00+0000,https://www.nytimes.com/2015/02/18/dining/restaurant-review-shuko-in-the-east-village.html, shuko in the east village,3
104,2015-12-22T18:39:31+0000,https://www.nytimes.com/2015/12/23/dining/wassail-review.html,wassail,1
105,2015-10-20T17:47:43+0000,https://www.nytimes.com/2015/10/21/dining/restaurant-review-bruno-east-village.html, bruno east village,0
106,2014-03-25T17:59:18+0000,https://www.nytimes.com/2014/03/26/dining/restaurant-review-allonda-in-greenwich-village.html, allonda in greenwich village,2
107,2013-11-05T21:59:09+0000,https://www.nytimes.com/2013/11/06/dining/reviews/restaurant-review-quality-italian-in-midtown.html, quality italian in midtown,1
108,2013-06-25T19:26:18+0000,https://www.nytimes.com/2013/06/26/dining/reviews/restaurant-review-lafayette-in-noho.html, lafayette in noho,1
109,2014-04-22T18:34:17+0000,https://www.nytimes.com/2014/04/23/dining/restaurant-review-telepan-local-in-tribeca.html, telepan local in tribeca,1
110,2013-12-31T20:10:39+0000,https://www.nytimes.com/2014/01/01/dining/reviews/restaurant-review-toro.html, toro,2
111,2018-11-13T17:27:22+0000,https://www.nytimes.com/2018/11/13/dining/misi-restaurant-review.html,misi ,3
112,2017-08-08T15:38:46+0000,https://www.nytimes.com/2017/08/08/dining/nur-review-middle-eastern-restaurant.html,nur middle eastern ,2
113,2016-11-15T17:20:19+0000,https://www.nytimes.com/2016/11/16/dining/tsurutontan-udon-noodle-brasserie-restaurant-review.html,tsurutontan udon noodle brasserie ,1
114,2015-05-12T16:31:06+0000,https://www.nytimes.com/2015/05/13/dining/restaurant-review-fung-tu-on-the-lower-east-side.html, fung tu ,2
115,2013-12-03T21:33:45+0000,https://www.nytimes.com/2013/12/04/dining/reviews/restaurant-review-charlie-bird-in-soho.html, charlie bird in soho,1
116,2017-11-14T16:50:32+0000,https://www.nytimes.com/2017/11/14/dining/cote-review-korean-barbecue.html,cote korean barbecue,2
117,2018-10-09T16:15:26+0000,https://www.nytimes.com/2018/10/09/dining/manhatta-restaurant-review.html,manhatta ,1
118,2018-03-06T16:15:27+0000,https://www.nytimes.com/2018/03/06/dining/dadong-review-midtown-chinese-peking-duck.html,dadong midtown chinese peking duck,0
119,2017-02-14T16:49:01+0000,https://www.nytimes.com/2017/02/14/dining/chinese-tuxedo-restaurant-review.html,chinese tuxedo ,2
120,2017-09-26T15:32:24+0000,https://www.nytimes.com/2017/09/26/dining/cervos-review-restaurant.html,cervos ,1
121,2014-02-25T21:59:38+0000,https://www.nytimes.com/2014/02/26/dining/restaurant-review-dover-in-carroll-gardens-brooklyn.html, dover in carroll gardens brooklyn,2
122,2016-04-05T15:51:00+0000,https://www.nytimes.com/2016/04/06/dining/le-turtle-restaurant-review.html,le turtle ,1
123,2017-01-10T20:38:23+0000,https://www.nytimes.com/2017/01/10/dining/flora-bar-review.html,flora bar,2
124,2016-12-20T19:51:27+0000,https://www.nytimes.com/2016/12/20/dining/cut-by-wolfgang-puck-review.html,cut by wolfgang puck,1
125,2016-07-26T16:24:25+0000,https://www.nytimes.com/2016/07/27/dining/pasquale-jones-review-little-italy.html,pasquale jones little italy,2
126,2015-03-24T16:09:36+0000,https://www.nytimes.com/2015/03/25/dining/restaurant-review-little-park-in-tribeca.html, little park in tribeca,2
127,2014-02-04T21:59:53+0000,https://www.nytimes.com/2014/02/05/dining/restaurant-review-annisa-in-greenwich-village.html, annisa in greenwich village,3
128,2011-06-14T22:24:06+0000,https://www.nytimes.com/2011/06/15/dining/reviews/maison-premiere-in-brooklyn-nyc-restaurant-review.html,maison premiere in brooklyn nyc ,0
129,2016-04-26T16:32:36+0000,https://www.nytimes.com/2016/04/27/dining/chaiwali-review-indian-food-harlem.html,chaiwali indian food harlem,1
130,2016-01-26T17:18:38+0000,https://www.nytimes.com/2016/01/27/dining/achilles-heel-resto-review.html,achilles heel resto,1
131,2013-09-24T17:46:47+0000,https://www.nytimes.com/2013/09/25/dining/reviews/restaurant-review-lake-pavilion-in-flushing-queens.html, lake pavilion in flushing queens,2
132,2013-08-27T21:12:34+0000,https://www.nytimes.com/2013/08/28/dining/reviews/restaurant-review-betony-in-midtown.html, betony in midtown,3
133,2017-06-06T17:00:47+0000,https://www.nytimes.com/2017/06/06/dining/king-restaurant-review-soho.html,king  soho,2
134,2016-03-01T16:32:55+0000,https://www.nytimes.com/2016/03/02/dining/bouley-restaurant-review.html,bouley ,3
135,2015-11-03T18:35:22+0000,https://www.nytimes.com/2015/11/04/dining/chomp-chomp-review.html,chomp chomp,2
136,2014-05-20T18:46:30+0000,https://www.nytimes.com/2014/05/21/dining/restaurant-review-the-river-cafe-at-fulton-ferry.html, the river cafe at fulton ferry,2
137,2017-05-16T17:06:24+0000,https://www.nytimes.com/2017/05/16/dining/pig-bleecker-review-greenwich-village.html,pig bleecker greenwich village,1
138,2018-12-18T17:15:06+0000,https://www.nytimes.com/2018/12/18/dining/bluebird-london-review.html,bluebird london,0
139,2018-04-03T16:15:19+0000,https://www.nytimes.com/2018/04/03/dining/claro-review-brooklyn-oaxacan.html,claro brooklyn oaxacan,2
140,2018-04-03T16:15:19+0000,https://www.nytimes.com/2018/04/03/dining/claro-review-brooklyn-oaxacan.html,claro brooklyn oaxacan,2
141,2017-11-28T16:20:14+0000,https://www.nytimes.com/2017/11/28/dining/ugly-baby-review-thai-brooklyn.html,ugly baby thai brooklyn,2
142,2013-11-19T21:07:51+0000,https://www.nytimes.com/2013/11/20/dining/reviews/restaurant-review-piora-in-the-west-village.html, piora in the west village,2
143,2013-10-29T21:00:17+0000,https://www.nytimes.com/2013/10/30/dining/reviews/restaurant-review-hearth-in-the-east-village.html, hearth in the east village,2
144,2016-01-19T19:57:15+0000,https://www.nytimes.com/2016/01/20/dining/la-chine-review.html,la chine,2
145,2016-11-29T19:21:52+0000,https://www.nytimes.com/2016/11/29/dining/bad-saint-dc-review.html,bad saint dc,3
146,2016-09-27T16:24:52+0000,https://www.nytimes.com/2016/09/28/dining/sauvage-restaurant-review.html,sauvage ,1
147,2016-03-08T15:53:59+0000,https://www.nytimes.com/2016/03/09/dining/high-street-on-hudson-review.html,high street on hudson,2
148,2016-05-17T15:13:43+0000,https://www.nytimes.com/2016/05/18/dining/momofuku-nishi-review.html,momofuku nishi,1
149,2015-04-21T17:13:42+0000,https://www.nytimes.com/2015/04/22/dining/restaurant-review-santina-in-the-meatpacking-district.html, santina in the meatpacking district,2
150,2014-07-15T21:18:05+0000,https://www.nytimes.com/2014/07/16/dining/restaurant-review-grindhaus-in-red-hook-brooklyn.html, grindhaus in red hook brooklyn,2
151,2015-07-28T16:28:09+0000,https://www.nytimes.com/2015/07/29/dining/restaurant-review-el-rey-coffee-bar-luncheonette-on-the-lower-east-side.html, el rey coffee bar luncheonette ,1
152,2012-11-13T21:58:37+0000,https://www.nytimes.com/2012/11/14/dining/reviews/restaurant-review-guys-american-kitchen-bar-in-times-square.html, guys american kitchen bar in times square,0
153,2015-04-14T17:29:04+0000,https://www.nytimes.com/2015/04/15/dining/restaurant-review-meat-hook-sandwich-in-williamsburg-brooklyn.html, meat hook sandwich in williamsburg brooklyn,1
154,2015-04-28T15:56:58+0000,https://www.nytimes.com/2015/04/29/dining/restaurant-review-mintons-in-harlem.html, mintons in harlem,1
155,2015-03-10T17:30:41+0000,https://www.nytimes.com/2015/03/11/dining/restaurant-review-bowery-meat-company-in-the-east-village.html, bowery meat company in the east village,2
156,2012-03-20T20:17:36+0000,https://www.nytimes.com/2012/03/21/dining/reviews/north-end-grill-in-battery-park-city.html,north end grill in battery park city,0
157,2014-02-18T21:59:08+0000,https://www.nytimes.com/2014/02/19/dining/restaurant-review-mission-cantina-on-the-lower-east-side.html, mission cantina ,1
158,2013-12-17T21:48:30+0000,https://www.nytimes.com/2013/12/18/dining/reviews/restaurant-review-marcos-in-prospect-heights.html, marcos in prospect heights,2
159,2013-10-22T19:57:41+0000,https://www.nytimes.com/2013/10/23/dining/reviews/restaurant-review-le-restaurant-in-tribeca.html, le  in tribeca,2
160,2018-05-08T17:35:14+0000,https://www.nytimes.com/2018/05/08/dining/soogil-review-east-village.html,soogil east village,2
161,2013-08-13T17:10:40+0000,https://www.nytimes.com/2013/08/14/dining/reviews/restaurant-review-costata-in-soho.html, costata in soho,2
162,2013-08-06T20:41:47+0000,https://www.nytimes.com/2013/08/07/dining/reviews/restaurant-review-mp-taverna-astoria-in-queens.html, mp taverna astoria in queens,1
163,2013-07-02T20:59:41+0000,https://www.nytimes.com/2013/07/03/dining/reviews/restaurant-review-uncle-boons-in-nolita.html, uncle boons in nolita,2
164,2013-04-23T17:46:54+0000,https://www.nytimes.com/2013/04/24/dining/reviews/restaurant-review-randazzos-clam-bar-in-sheepshead-bay.html, randazzos clam bar in sheepshead bay,1
165,2015-12-29T17:19:17+0000,https://www.nytimes.com/2015/12/30/dining/senor-frogs-review.html,senor frogs,0
166,2017-01-03T20:54:18+0000,https://www.nytimes.com/2017/01/03/dining/locol-review-oakland-california-pete-wells.html,locol oakland california ,0
167,2016-05-31T15:55:13+0000,https://www.nytimes.com/2016/06/01/dining/mr-donahues-ruffian-wine-bar-restaurant-review.html,mr donahues ruffian wine bar ,2
168,2016-07-05T15:30:57+0000,https://www.nytimes.com/2016/07/06/dining/nix-restaurant-review-greenwich-village.html,nix  greenwich village,2
169,2018-06-12T15:36:00+0000,https://www.nytimes.com/2018/06/12/dining/shabushabu-macoron-review.html,shabushabu macoron,2
170,2017-10-10T15:02:41+0000,https://www.nytimes.com/2017/10/10/dining/public-kitchen-review-jean-georges-vongerichten-nyc.html,public kitchen jean georges vongerichten nyc,1
171,2017-12-26T17:23:17+0000,https://www.nytimes.com/2017/12/26/dining/the-loyal-review-nyc.html,the loyal nyc,2
172,2014-05-27T21:05:12+0000,https://www.nytimes.com/2014/05/28/dining/restaurant-review-narcissa-in-the-standard-east-village.html, narcissa in the standard east village,2
173,2019-01-29T17:32:16+0000,https://www.nytimes.com/2019/01/29/dining/casa-enrique-review.html,casa enrique,2
174,2017-01-17T19:15:32+0000,https://www.nytimes.com/2017/01/17/dining/ichiran-review-ramen-brooklyn.html,ichiran ramen brooklyn,1
175,2018-05-29T15:27:26+0000,https://www.nytimes.com/2018/05/29/dining/don-angie-review.html,don angie,2
176,2018-02-27T16:27:13+0000,https://www.nytimes.com/2018/02/27/dining/latelier-de-joel-robuchon-review.html,latelier de joel robuchon,2
177,2018-07-31T16:54:22+0000,https://www.nytimes.com/2018/07/31/dining/coco-pazzo-trattoria-yves-review.html,coco pazzo trattoria yves,1
178,2016-08-16T15:50:11+0000,https://www.nytimes.com/2016/08/17/dining/gramercy-tavern-review.html,gramercy tavern,3
179,2015-12-08T18:20:33+0000,https://www.nytimes.com/2015/12/09/dining/sessanta-lamico-review.html,sessanta lamico,1
180,2015-12-08T18:20:33+0000,https://www.nytimes.com/2015/12/09/dining/sessanta-lamico-review.html,sessanta lamico,1
181,2013-11-12T20:58:55+0000,https://www.nytimes.com/2013/11/13/dining/reviews/restaurant-review-sushi-dojo-in-the-east-village-and-kurumazushi-in-midtown.html, sushi dojo in the east village and kurumazushi in midtown,2
182,2013-10-08T20:26:28+0000,https://www.nytimes.com/2013/10/09/dining/reviews/restaurant-review-the-elm-in-williamsburg-brooklyn.html, the elm in williamsburg brooklyn,2
183,2017-12-05T16:28:32+0000,https://www.nytimes.com/2017/12/05/dining/jeju-noodle-bar-review-korean-ramen.html,jeju noodle bar korean ramen,2
184,2015-09-15T16:11:33+0000,https://www.nytimes.com/2015/09/16/dining/restaurant-review-casa-mono-gramercy.html, casa mono gramercy,3
185,2018-10-23T15:37:14+0000,https://www.nytimes.com/2018/10/23/dining/hunan-slurp-review.html,hunan slurp,2
186,2015-06-23T16:48:30+0000,https://www.nytimes.com/2015/06/24/dining/restaurant-reviews-noreetuh-the-eddy-in-the-east-village.html,s noreetuh the eddy in the east village,1
187,2016-10-25T15:23:01+0000,https://www.nytimes.com/2016/10/26/dining/beatrice-inn-review.html,beatrice inn,2
188,2016-11-01T16:57:49+0000,https://www.nytimes.com/2016/11/02/dining/le-coucou-review.html,le coucou,3
189,2014-06-17T18:27:18+0000,https://www.nytimes.com/2014/06/18/dining/restaurant-review-a-voce-madison-and-blt-fish.html, a voce madison and blt fish,2
190,2017-06-20T17:37:54+0000,https://www.nytimes.com/2017/06/20/dining/don-peppe-review-italian-american-restaurant-queens.html,don peppe italian american  queens,1
191,2016-06-07T15:30:20+0000,https://www.nytimes.com/2016/06/08/dining/la-sirena-restaurant-review.html,la sirena ,2
192,2011-12-06T23:01:07+0000,https://www.nytimes.com/2011/12/07/dining/reviews/whisky-from-islay-scotland-spirits-of-the-times.html,whisky from islay scotland spirits of the times,0
193,2018-01-23T17:29:40+0000,https://www.nytimes.com/2018/01/23/dining/pasta-flyer-martina-review.html,pasta flyer martina,1
194,2011-02-22T23:53:31+0000,https://www.nytimes.com/2011/02/23/dining/reviews/23unde.html,23unde,0
195,2018-10-30T16:26:14+0000,https://www.nytimes.com/2018/10/30/dining/henry-at-life-hotel-by-jj-review.html,henry at life hotel by jj,1
196,2018-09-25T16:11:16+0000,https://www.nytimes.com/2018/09/25/dining/kopitiam-restaurant-review.html,kopitiam ,1
197,2015-06-16T16:55:26+0000,https://www.nytimes.com/2015/06/17/dining/restaurant-review-blanca-in-bushwick-brooklyn.html, blanca in bushwick brooklyn,3
198,2017-04-25T16:44:04+0000,https://www.nytimes.com/2017/04/25/dining/union-square-cafe-review.html,union square cafe,3
199,2018-11-20T16:47:00+0000,https://www.nytimes.com/2018/11/20/dining/adda-indian-canteen-review.html,adda indian canteen,2
200,2014-01-14T22:00:24+0000,https://www.nytimes.com/2014/01/15/dining/restaurant-review-the-bistro-at-villard-michel-richard-in-midtown.html, the bistro at villard michel richard in midtown,0
201,2017-10-31T15:50:56+0000,https://www.nytimes.com/2017/10/31/dining/momofuku-ssam-bar-review.html,momofuku ssam bar,3
202,2015-05-05T16:05:13+0000,https://www.nytimes.com/2015/05/06/dining/restaurant-review-mu-ramen-in-long-island-city-queens.html, mu ramen in long island city queens,2
203,2014-01-07T22:18:21+0000,https://www.nytimes.com/2014/01/08/dining/reviews/restaurant-review-tosca-cafe-in-san-francisco.html, tosca cafe in san francisco,0
204,2013-07-23T20:46:17+0000,https://www.nytimes.com/2013/07/24/dining/reviews/restaurant-review-daniel-on-the-upper-east-side.html, daniel on the upper east side,3
205,2017-07-03T18:44:02+0000,https://www.nytimes.com/2017/07/03/dining/abcv-review-vegetables-restaurant-jean-georges-vongerichten.html,abcv vegetables  jean georges vongerichten,2
206,2017-08-01T16:02:01+0000,https://www.nytimes.com/2017/08/01/dining/guan-fu-sichuan-review.html,guan fu sichuan,3
207,2015-08-25T18:13:27+0000,https://www.nytimes.com/2015/08/26/dining/restaurant-review-the-clocktower-in-midtown-south.html, the clocktower in midtown south,2
208,2018-10-16T16:07:42+0000,https://www.nytimes.com/2018/10/16/dining/atomix-review-korean.html,atomix korean,3
209,2018-08-07T18:57:33+0000,https://www.nytimes.com/2018/08/07/dining/gem-review-flynn-mcgarry.html,gem flynn mcgarry,2
210,2017-07-11T16:22:19+0000,https://www.nytimes.com/2017/07/11/dining/little-tong-noodle-shop-review-east-village.html,little tong noodle shop east village,2
211,2014-06-24T19:01:07+0000,https://www.nytimes.com/2014/06/25/dining/restaurant-review-tavern-on-the-green.html, tavern on the green,0
212,2017-02-07T17:54:04+0000,https://www.nytimes.com/2017/02/07/dining/white-gold-butchers-review-april-bloomfield-restaurant.html,white gold butchers april bloomfield ,2
213,2017-06-27T16:18:08+0000,https://www.nytimes.com/2017/06/27/dining/empellon-review-mexican-midtown.html,empellon mexican midtown,3
214,2017-08-15T16:06:37+0000,https://www.nytimes.com/2017/08/15/dining/made-nice-restaurant-review.html,made nice ,0
215,2017-01-31T18:07:17+0000,https://www.nytimes.com/2017/01/31/dining/chumleys-review-bar-west-village.html,chumleys bar west village,2
216,2015-04-07T15:40:34+0000,https://www.nytimes.com/2015/04/08/dining/restaurant-reviews-limani-and-estiatorio-milos-in-midtown.html,s limani and estiatorio milos in midtown,1
217,2018-07-10T15:30:55+0000,https://www.nytimes.com/2018/07/10/dining/frenchette-review-restaurant-tribeca.html,frenchette  tribeca,3
218,2016-12-06T18:20:10+0000,https://www.nytimes.com/2016/12/06/dining/aska-review-brooklyn.html,aska brooklyn,3
219,2019-07-30T16:40:52+0000,https://www.nytimes.com/2019/07/30/dining/the-fulton-review-pete-wells-jean-georges.html,the fulton  jean georges,2
220,2013-10-15T21:29:32+0000,https://www.nytimes.com/2013/10/16/dining/reviews/restaurant-review-khe-yo-in-tribeca-and-whiskey-soda-lounge-ny-in-brooklyn.html, khe yo in tribeca and whiskey soda lounge ny in brooklyn,1
221,2020-03-03T16:24:13+0000,https://www.nytimes.com/2020/03/03/dining/le-crocodile-review-pete-wells.html,le crocodile ,3
222,2019-02-12T17:01:32+0000,https://www.nytimes.com/2019/02/12/dining/cherry-point-review.html,cherry point,2
223,2019-01-08T17:16:14+0000,https://www.nytimes.com/2019/01/08/dining/momofuku-bang-bar-review.html,momofuku bang bar,1
224,2018-05-01T16:03:20+0000,https://www.nytimes.com/2018/05/01/dining/la-mercerie-review-soho.html,la mercerie soho,2
225,2017-09-12T17:51:43+0000,https://www.nytimes.com/2017/09/12/dining/razza-pizza-review-jersey-city.html,razza pizza jersey city,3
226,2017-03-14T16:49:35+0000,https://www.nytimes.com/2017/03/14/dining/franklin-barbecue-review.html,franklin barbecue,2
227,2019-10-01T15:23:31+0000,https://www.nytimes.com/2019/10/01/dining/red-hook-tavern-review-pete-wells.html,red hook tavern ,1
228,2018-06-19T15:33:20+0000,https://www.nytimes.com/2018/06/19/dining/legacy-records-review.html,legacy records,2
229,2017-10-03T16:42:08+0000,https://www.nytimes.com/2017/10/03/dining/oberlin-restaurant-review-providence.html,oberlin  providence,2
230,2016-08-02T15:11:56+0000,https://www.nytimes.com/2016/08/03/dining/agern-restaurant-review.html,agern ,3
231,2008-06-11T04:00:00+0000,https://www.nytimes.com/2008/06/11/dining/reviews/11under.html,11under,0
232,2016-04-19T16:03:40+0000,https://www.nytimes.com/2016/04/20/dining/salvation-burger-spotted-pig-review.html,salvation burger spotted pig,1
233,2015-09-01T15:48:48+0000,https://www.nytimes.com/2015/09/02/dining/restaurant-review-superiority-burger-in-the-east-village.html, superiority burger in the east village,2
234,2014-06-03T19:13:29+0000,https://www.nytimes.com/2014/06/04/dining/restaurant-review-the-simone-on-the-upper-east-side.html, the simone on the upper east side,3
235,2014-06-10T19:19:01+0000,https://www.nytimes.com/2014/06/11/dining/restaurant-review-gato-from-bobby-flay.html, gato from bobby flay,2
236,2017-05-30T19:03:04+0000,https://www.nytimes.com/2017/05/30/dining/tim-ho-wan-review-pinch-chinese-restaurant-dim-sum-dumpling.html,tim ho wan pinch chinese  dim sum dumpling,1
237,2018-12-04T17:07:11+0000,https://www.nytimes.com/2018/12/04/dining/four-seasons-review.html,four seasons,1
238,2019-01-22T17:52:42+0000,https://www.nytimes.com/2019/01/22/dining/intersect-by-lexus-restaurant-review.html,intersect by lexus ,0
239,2010-05-19T00:43:31+0000,https://www.nytimes.com/2010/05/19/dining/reviews/19under.html,19under,0
240,2007-11-07T05:00:00+0000,https://www.nytimes.com/2007/11/07/dining/reviews/07brie.html,07brie,0
241,2014-04-08T18:07:58+0000,https://www.nytimes.com/2014/04/09/dining/restaurant-review-jean-georges-on-the-upper-west-side.html, jean georges on the upper west side,4
242,2009-08-25T23:41:50+0000,https://www.nytimes.com/2009/08/26/dining/reviews/26brief.html,26brief,0
243,2018-01-16T16:26:46+0000,https://www.nytimes.com/2018/01/16/dining/kissa-tanto-review-vancouver.html,kissa tanto vancouver,0
244,2019-10-15T15:32:06+0000,https://www.nytimes.com/2019/10/15/dining/babs-review-pete-wells.html,babs ,2
245,2018-03-15T16:11:04+0000,https://www.nytimes.com/2018/03/15/dining/junebaby-review-seattle-black-southern-food.html,junebaby seattle black southern food,3
246,2017-08-22T16:28:46+0000,https://www.nytimes.com/2017/08/22/dining/the-grill-review-midtown.html,the grill midtown,3
247,2019-09-10T15:48:42+0000,https://www.nytimes.com/2019/09/10/dining/mission-ceviche-review-pete-wells.html,mission ceviche ,1
248,2014-02-11T21:59:30+0000,https://www.nytimes.com/2014/02/12/dining/restaurant-review-gotham-west-market-in-hells-kitchen.html, gotham west market in hells kitchen,2
249,2015-07-02T15:26:04+0000,https://www.nytimes.com/2015/07/08/dining/hungry-city-the-happiest-hour-in-greenwich-village.html,hungry city the happiest hour in greenwich village,0
250,2018-07-17T15:25:38+0000,https://www.nytimes.com/2018/07/17/dining/una-pizza-napoletana-review.html,una pizza napoletana,0
251,2015-03-17T15:35:21+0000,https://www.nytimes.com/2015/03/18/dining/restaurant-review-eleven-madison-park-in-midtown-south.html, eleven madison park in midtown south,4
252,2017-10-17T15:33:01+0000,https://www.nytimes.com/2017/10/17/dining/the-pool-review.html,the pool,2
253,2019-10-22T16:29:34+0000,https://www.nytimes.com/2019/10/22/dining/tsismis-review-pete-wells.html,tsismis ,1
254,2019-09-17T15:09:59+0000,https://www.nytimes.com/2019/09/17/dining/hutong-review-pete-wells.html,hutong ,2
255,2019-11-12T16:16:49+0000,https://www.nytimes.com/2019/11/12/dining/llama-san-review-pete-wells.html,llama san ,3
256,2019-11-26T16:30:34+0000,https://www.nytimes.com/2019/11/26/dining/birria-landia-tacos-review-pete-wells.html,birria landia tacos ,2
257,2013-04-30T19:48:45+0000,https://www.nytimes.com/2013/05/01/dining/reviews/restaurant-review-saison-in-san-francisco.html, saison in san francisco,0
258,2014-05-06T20:03:51+0000,https://www.nytimes.com/2014/05/07/dining/the-garden-both-muse-and-oracle-at-larpege.html,the garden both muse and oracle at larpege,0
259,2018-02-06T16:48:36+0000,https://www.nytimes.com/2018/02/06/dining/grant-achatz-office-aviary-review.html,grant achatz office aviary,2
260,2013-08-29T19:40:42+0000,https://www.nytimes.com/2013/09/04/dining/reviews/hungry-city-taste-of-persia-nyc-in-flatiron.html,hungry city taste of persia nyc in flatiron,0
261,2013-12-10T21:31:17+0000,https://www.nytimes.com/2013/12/11/dining/reviews/restaurant-review-sushi-nakazawa-in-the-west-village.html, sushi nakazawa in the west village,0
262,2008-10-14T22:41:17+0000,https://www.nytimes.com/2008/10/15/dining/reviews/15unde.html,15unde,0
263,2012-05-29T20:41:51+0000,https://www.nytimes.com/2012/05/30/dining/reviews/restaurant-review-back-forty-and-back-forty-west.html, back forty and back forty west,0
264,2017-03-21T16:07:02+0000,https://www.nytimes.com/2017/03/21/dining/sugarfish-by-sushi-nozawa-review.html,sugarfish by sushi nozawa,0
265,2008-08-06T00:41:06+0000,https://www.nytimes.com/2008/08/06/dining/reviews/06unde.html,06unde,0
266,2016-12-13T18:11:56+0000,https://www.nytimes.com/2016/12/13/dining/best-restaurants-in-nyc-pete-wells.html,best s in nyc ,0
267,2014-09-16T17:19:58+0000,https://www.nytimes.com/2014/09/17/dining/restaurant-review-claudette-in-greenwich-village.html, claudette in greenwich village,1
268,2020-02-18T16:11:10+0000,https://www.nytimes.com/2020/02/18/dining/caleta-111-cevicheria-review-pete-wells.html,caleta 111 cevicheria ,1
269,2012-11-20T22:42:21+0000,https://www.nytimes.com/2012/11/21/dining/reviews/restaurant-review-m-wells-dinette-at-moma-ps1.html, m wells dinette at moma ps1,0
270,2019-07-16T14:46:06+0000,https://www.nytimes.com/2019/07/16/dining/belle-harlem-review-pete-wells.html,belle harlem ,1
271,2020-02-04T16:54:03+0000,https://www.nytimes.com/2020/02/04/dining/portale-review-pete-wells.html,portale ,2
272,2020-01-28T16:13:16+0000,https://www.nytimes.com/2020/01/28/dining/antons-review-pete-wells.html,antons ,1
273,2016-09-22T16:30:09+0000,https://www.nytimes.com/2016/09/28/dining/korean-bbq-tong-sam-gyup-goo-yi-flushing-queens.html,korean bbq tong sam gyup goo yi flushing queens,0
274,2016-08-18T15:26:18+0000,https://www.nytimes.com/2016/08/24/dining/bolivian-llama-party-nyc.html,bolivian llama party nyc,0
275,2019-08-06T15:35:32+0000,https://www.nytimes.com/2019/08/06/dining/rezdora-review-pete-wells.html,rezdora ,3
276,2019-09-24T15:29:58+0000,https://www.nytimes.com/2019/09/24/dining/frevo-review-pete-wells.html,frevo ,2
277,2008-11-26T02:14:25+0000,https://www.nytimes.com/2008/11/26/dining/reviews/26under.html,26under,0
278,2020-03-10T15:27:48+0000,https://www.nytimes.com/2020/03/10/dining/pastrami-masters-review-pete-wells.html,pastrami masters ,1
279,2012-01-24T17:58:22+0000,https://www.nytimes.com/2012/01/25/dining/reviews/parm-restaurant-review-nyc.html,parm  nyc,0
280,2016-01-05T18:10:11+0000,https://www.nytimes.com/2016/01/06/dining/sadelles-review.html,sadelles,1
281,2015-12-15T17:22:47+0000,https://www.nytimes.com/2015/12/16/dining/best-restaurants-in-nyc.html,best s in nyc,0
282,2019-11-19T16:22:38+0000,https://www.nytimes.com/2019/11/19/dining/gotham-bar-and-grill-review-pete-wells.html,gotham bar and grill ,3
283,2012-05-08T22:07:50+0000,https://www.nytimes.com/2012/05/09/dining/reviews/a-review-of-la-silhouette-in-hells-kitchen.html,a of la silhouette in hells kitchen,0
284,2019-12-17T16:44:09+0000,https://www.nytimes.com/2019/12/17/dining/electric-lemon-review-pete-wells.html,electric lemon ,1
285,2019-08-20T16:15:42+0000,https://www.nytimes.com/2019/08/20/dining/foxface-review-pete-wells.html,foxface ,1
286,2019-11-05T16:47:47+0000,https://www.nytimes.com/2019/11/05/dining/uogashi-review-pete-wells.html,uogashi ,2
287,2019-05-21T15:48:32+0000,https://www.nytimes.com/2019/05/21/dining/hanon-review.html,hanon,2
288,2019-12-31T17:22:36+0000,https://www.nytimes.com/2019/12/31/dining/four-horseman-review-pete-wells.html,four horseman ,2
289,2019-08-27T15:20:58+0000,https://www.nytimes.com/2019/08/27/dining/da-long-yi-hot-pot-review-pete-wells.html,da long yi hot pot ,1
290,2020-01-07T16:44:30+0000,https://www.nytimes.com/2020/01/07/dining/thai-cook-review-pete-wells.html,thai cook ,1
291,2012-01-31T20:21:35+0000,https://www.nytimes.com/2012/02/01/dining/crown-nyc-restaurant-review.html,crown nyc ,1
292,2015-11-10T17:39:50+0000,https://www.nytimes.com/2015/11/11/dining/jams-jonathan-waxman-review.html,jams jonathan waxman,0
293,2019-10-31T16:50:13+0000,https://www.nytimes.com/2019/10/31/dining/field-trip-review-jj-johnson.html,field trip jj johnson,0
294,2012-07-03T19:25:53+0000,https://www.nytimes.com/2012/07/04/dining/reviews/hill-country-barbecue-market-nyc-restaurant-review.html,hill country barbecue market nyc ,0
295,2017-08-31T15:09:31+0000,https://www.nytimes.com/2017/08/31/dining/while-in-kathmandu-review-queens.html,while in kathmandu queens,0
296,2012-01-10T21:36:05+0000,https://www.nytimes.com/2012/01/11/dining/reviews/la-promenade-des-anglais-nyc-restaurant-review.html,la promenade des anglais nyc ,0
297,2012-12-18T19:46:18+0000,https://www.nytimes.com/2012/12/19/dining/reviews/restaurant-review-lapicio-in-the-east-village.html, lapicio in the east village,0
298,2009-05-12T22:12:43+0000,https://www.nytimes.com/2009/05/13/dining/reviews/13wine.html,13wine,0
299,2020-02-11T17:35:40+0000,https://www.nytimes.com/2020/02/11/dining/tavern-by-ws-review-pete-wells.html,tavern by ws ,2
300,2014-08-05T20:58:55+0000,https://www.nytimes.com/2014/08/06/dining/restaurant-review-ivan-ramen.html, ivan ramen,2
301,2013-02-26T17:59:17+0000,https://www.nytimes.com/2013/02/27/dining/reviews/restaurant-review-the-marrow-in-the-west-village.html, the marrow in the west village,1
302,2012-07-31T16:13:13+0000,https://www.nytimes.com/2012/08/01/dining/reviews/reynard-in-williamsburg-brooklyn-restaurant-review.html,reynard in williamsburg brooklyn ,0
303,2010-12-29T01:55:25+0000,https://www.nytimes.com/2010/12/29/dining/reviews/29cheap.html,29cheap,0
304,2012-10-30T20:41:46+0000,https://www.nytimes.com/2012/10/31/dining/reviews/restaurant-review-talde-in-park-slope.html, talde in park slope,0
305,2020-01-14T17:09:47+0000,https://www.nytimes.com/2020/01/14/dining/sushi-nakazawa-review-pete-wells.html,sushi nakazawa ,3
306,2012-10-09T20:14:58+0000,https://www.nytimes.com/2012/10/10/dining/reviews/restaurant-review-yunnan-kitchen-on-the-lower-east-side.html, yunnan kitchen ,0
307,2014-12-23T16:14:42+0000,https://www.nytimes.com/2014/12/24/dining/restaurant-review-botequim-in-the-east-village.html, botequim in the east village,2
308,2012-06-05T19:22:00+0000,https://www.nytimes.com/2012/06/06/dining/reviews/restaurant-review-neta-in-greenwich-village.html, neta in greenwich village,0
309,2019-04-16T15:17:38+0000,https://www.nytimes.com/2019/04/16/dining/niche-review-mazemen.html,niche mazemen,1
310,2019-04-16T15:17:38+0000,https://www.nytimes.com/2019/04/16/dining/niche-review-mazemen.html,niche mazemen,1
311,2012-05-01T19:52:40+0000,https://www.nytimes.com/2012/05/02/dining/reviews/cafe-china-in-midtown.html,cafe china in midtown,0
312,2012-02-07T21:58:16+0000,https://www.nytimes.com/2012/02/08/dining/reviews/kutshers-tribeca-nyc-restaurant-review.html,kutshers tribeca nyc ,0
313,2012-01-17T20:31:35+0000,https://www.nytimes.com/2012/01/18/dining/reviews/romera-new-york-nyc-review.html,romera new york nyc,0
314,2012-04-17T21:32:08+0000,https://www.nytimes.com/2012/04/18/dining/reviews/alison-eighteen-in-manhattan.html,alison eighteen in manhattan,0
315,2015-01-13T17:41:14+0000,https://www.nytimes.com/2015/01/14/dining/restaurant-review-upland-on-park-avenue-south.html, upland on park avenue south,2
316,2012-11-06T19:28:50+0000,https://www.nytimes.com/2012/11/07/dining/reviews/restaurant-review-after-hurricane-sandy-downtown-restaurants-need-patrons.html, after hurricane sandy downtown s need patrons,0
317,2013-03-26T18:54:25+0000,https://www.nytimes.com/2013/03/27/dining/reviews/restaurant-review-the-dining-room-at-the-modern.html, the dining room at the modern,3
318,2012-07-24T20:02:20+0000,https://www.nytimes.com/2012/07/25/dining/reviews/mission-chinese-food-nyc-restaurant-review.html,mission chinese food nyc ,0
319,2018-01-30T16:46:49+0000,https://www.nytimes.com/2018/01/30/dining/the-lobster-club-review.html,the lobster club,1
320,2019-06-11T14:41:41+0000,https://www.nytimes.com/2019/06/11/dining/crown-shy-review.html,crown shy,2
321,2013-12-23T22:46:04+0000,https://www.nytimes.com/2013/12/25/dining/reviews/the-10-best-restaurants-of-2013.html,the 10 best s of 2013,0
322,2013-05-28T21:14:56+0000,https://www.nytimes.com/2013/05/29/dining/reviews/restaurant-review-salvation-taco-in-murray-hill-and-taqueria-tlaxcalli-in-the-bronx.html, salvation taco in murray hill and taqueria tlaxcalli in the bronx,1
323,2014-11-11T16:15:48+0000,https://www.nytimes.com/2014/11/12/dining/restaurant-review-dumpling-galaxy-in-queens.html, dumpling galaxy in queens,1
324,2012-09-11T18:35:59+0000,https://www.nytimes.com/2012/09/12/dining/reviews/governor-in-dumbo-brooklyn.html,governor in dumbo brooklyn,0
325,2012-05-15T21:00:38+0000,https://www.nytimes.com/2012/05/16/dining/reviews/michael-toscano-provides-a-thrill-at-perla.html,michael toscano provides a thrill at perla,0
326,2012-09-04T21:42:48+0000,https://www.nytimes.com/2012/09/05/dining/reviews/nougatine-at-jean-georges-in-manhattan.html,nougatine at jean georges in manhattan,0
327,2012-04-03T19:27:54+0000,https://www.nytimes.com/2012/04/04/dining/reviews/gwynnett-st-in-williamsburg-brooklyn.html,gwynnett st in williamsburg brooklyn,0
328,2019-02-19T16:08:07+0000,https://www.nytimes.com/2019/02/19/dining/bistro-pierre-lapin-review.html,bistro pierre lapin,1
329,2012-01-03T18:50:11+0000,https://www.nytimes.com/2012/01/04/dining/wong-greenwich-village-restaurants.html,wong greenwich village s,2
330,2014-07-22T21:06:56+0000,https://www.nytimes.com/2014/07/23/dining/restaurant-review-racines-ny-in-tribeca.html, racines ny in tribeca,2
331,2015-01-06T15:58:25+0000,https://www.nytimes.com/2015/01/07/dining/restaurant-review-kappo-masa-on-the-upper-east-side.html, kappo masa on the upper east side,0
332,2012-08-21T20:48:48+0000,https://www.nytimes.com/2012/08/22/dining/reviews/la-vara-in-cobble-hill-brooklyn-restaurant-review.html,la vara in cobble hill brooklyn ,0
333,2014-10-14T18:16:30+0000,https://www.nytimes.com/2014/10/15/dining/restaurant-review-elan-in-the-flatiron-district.html, elan in the flatiron district,2
334,2015-03-03T18:59:23+0000,https://www.nytimes.com/2015/03/04/dining/restaurant-review-via-carota-in-the-west-village.html, via carota in the west village,2
335,2015-10-27T16:19:23+0000,https://www.nytimes.com/2015/10/28/dining/o-ya-review.html,o ya,1
336,2014-09-30T19:44:54+0000,https://www.nytimes.com/2014/10/01/dining/restaurant-review-keith-mcnallys-cherche-midi.html, keith mcnallys cherche midi,2
337,2012-12-31T23:18:27+0000,https://www.nytimes.com/2013/01/02/dining/reviews/restaurant-review-thirty-acres-in-jersey-city.html, thirty acres in jersey city,2
338,2012-12-11T21:32:18+0000,https://www.nytimes.com/2012/12/12/dining/reviews/restaurant-review-royal-seafood-restaurant-in-chinatown.html, royal seafood  in chinatown,0
339,2012-10-02T21:11:24+0000,https://www.nytimes.com/2012/10/03/dining/reviews/restaurant-review-calliope-in-the-east-village.html, calliope in the east village,0
340,2012-08-07T18:10:03+0000,https://www.nytimes.com/2012/08/08/dining/reviews/nicoletta-nyc-restaurant-review.html,nicoletta nyc ,0
341,2014-11-04T15:36:14+0000,https://www.nytimes.com/2014/11/05/dining/restaurant-review-tuome-in-the-east-village.html, tuome in the east village,2
342,2015-01-27T20:14:33+0000,https://www.nytimes.com/2015/01/28/dining/restaurant-review-blue-smoke-and-north-end-grill.html, blue smoke and north end grill,1
343,2013-05-14T20:43:59+0000,https://www.nytimes.com/2013/05/15/dining/reviews/restaurant-review-caravaggio-on-the-italian-upper-east-side.html, caravaggio on the italian upper east side,1
344,2012-03-27T22:45:34+0000,https://www.nytimes.com/2012/03/28/dining/reviews/a-review-of-la-mar-cebicheria-peruana-in-manhattan.html,a of la mar cebicheria peruana in manhattan,0
345,2013-08-20T20:30:40+0000,https://www.nytimes.com/2013/08/21/dining/reviews/restaurant-review-the-pines-in-brooklyn.html, the pines in brooklyn,1
346,2009-09-29T20:41:43+0000,https://www.nytimes.com/2009/09/30/dining/reviews/30rest.html,30rest,0
347,2012-10-23T22:14:06+0000,https://www.nytimes.com/2012/10/24/dining/reviews/restaurant-review-21-club-in-manhattan.html, 21 club in manhattan,0
348,2014-11-25T16:51:01+0000,https://www.nytimes.com/2014/11/26/dining/restaurant-review-bar-bolonat-in-the-west-village.html, bar bolonat in the west village,2
349,2013-04-02T18:09:37+0000,https://www.nytimes.com/2013/04/03/dining/reviews/restaurant-review-hanjan-in-manhattan.html, hanjan in manhattan,2
350,2019-03-05T16:42:14+0000,https://www.nytimes.com/2019/03/05/dining/madame-vo-bbq-review.html,madame vo bbq,1
351,2012-11-27T19:41:46+0000,https://www.nytimes.com/2012/11/28/dining/reviews/restaurant-review-dirt-candy-in-the-east-village.html, dirt candy in the east village,0
352,2014-10-28T15:25:01+0000,https://www.nytimes.com/2014/10/29/dining/restaurant-review-blue-hill-in-greenwich-village.html, blue hill in greenwich village,3
353,2013-01-22T21:51:25+0000,https://www.nytimes.com/2013/01/23/dining/reviews/restaurant-review-krescendo-in-boerum-hill-brooklyn.html, krescendo in boerum hill brooklyn,2
354,2013-01-08T18:48:16+0000,https://www.nytimes.com/2013/01/09/dining/reviews/restaurant-review-el-toro-blanco-in-the-west-village.html, el toro blanco in the west village,1
355,2013-10-22T21:07:43+0000,https://www.nytimes.com/2013/10/23/dining/reviews/germanys-culinary-stars.html,germanys culinary stars,0
356,2012-08-28T20:01:44+0000,https://www.nytimes.com/2012/08/29/dining/reviews/rosemarys-in-greenwich-village.html,rosemarys in greenwich village,0
357,2015-02-03T16:44:02+0000,https://www.nytimes.com/2015/02/04/dining/restaurant-review-cosme-in-the-flatiron-district.html, cosme in the flatiron district,3
358,2013-05-21T21:07:18+0000,https://www.nytimes.com/2013/05/22/dining/reviews/restaurant-review-the-beatrice-inn-in-the-west-village.html, the beatrice inn in the west village,0
359,2014-09-23T20:29:17+0000,https://www.nytimes.com/2014/09/24/dining/restaurant-review-sammys-roumanian-steakhouse-on-the-lower-east-side.html, sammys roumanian steakhouse ,1
360,2012-02-21T21:04:49+0000,https://www.nytimes.com/2012/02/22/dining/reviews/shake-shack-struggles-with-inconsistency.html,shake shack struggles with inconsistency,0
361,2014-09-09T18:47:38+0000,https://www.nytimes.com/2014/09/10/dining/restaurant-review-barchetta-in-chelsea.html, barchetta in chelsea,1
362,2012-12-04T20:38:13+0000,https://www.nytimes.com/2012/12/05/dining/reviews/restaurant-review-moti-mahal-delux-in-manhattan.html, moti mahal delux in manhattan,0
363,2013-01-15T21:36:29+0000,https://www.nytimes.com/2013/01/16/dining/reviews/restaurant-review-arlington-club-on-the-upper-east-side.html, arlington club on the upper east side,2
364,2012-05-22T15:10:22+0000,https://www.nytimes.com/2012/05/23/dining/reviews/le-bernardin-in-midtown-manhattan.html,le bernardin in midtown manhattan,0
365,2012-09-18T20:21:27+0000,https://www.nytimes.com/2012/09/19/dining/reviews/le-cirque-in-manhattan.html,le cirque in manhattan,0
366,2012-06-12T22:33:31+0000,https://www.nytimes.com/2012/06/13/dining/reviews/hakkasan-new-york-in-midtown.html,hakkasan new york in midtown,0
367,2012-02-28T21:44:07+0000,https://www.nytimes.com/2012/02/29/dining/reviews/jungsik-intribeca-reinterprets-korean-cuisine.html,jungsik intribeca reinterprets korean cuisine,0
368,2014-10-21T15:26:25+0000,https://www.nytimes.com/2014/10/22/dining/restaurant-review-blenheim-in-the-west-village.html, blenheim in the west village,1
369,2013-03-19T20:50:33+0000,https://www.nytimes.com/2013/03/20/dining/reviews/restaurant-review-chez-sardine-in-the-west-village.html, chez sardine in the west village,1
370,2013-03-19T20:50:33+0000,https://www.nytimes.com/2013/03/20/dining/reviews/restaurant-review-chez-sardine-in-the-west-village.html, chez sardine in the west village,1
371,2013-02-19T18:39:51+0000,https://www.nytimes.com/2013/02/20/dining/reviews/restaurant-review-louro-in-greenwich-village.html, louro in greenwich village,1
372,2019-07-02T15:24:21+0000,https://www.nytimes.com/2019/07/02/dining/lokanta-review-turkish-food.html,lokanta turkish food,2
373,2019-04-09T15:28:47+0000,https://www.nytimes.com/2019/04/09/dining/haenyeo-restaurant-review-jenny-kwak.html,haenyeo  jenny kwak,2
374,2015-02-24T18:40:59+0000,https://www.nytimes.com/2015/02/25/dining/restaurant-review-semilla-in-williamsburg-brooklyn.html, semilla in williamsburg brooklyn,2
375,2019-05-28T16:05:01+0000,https://www.nytimes.com/2019/05/28/dining/kawi-restaurant-review.html,kawi ,2
376,2018-07-24T15:27:38+0000,https://www.nytimes.com/2018/07/24/dining/momofuku-ko-bar-review.html,momofuku ko bar,2
377,2014-08-19T18:58:02+0000,https://www.nytimes.com/2014/08/20/dining/restaurant-review-delaware-and-hudson.html, delaware and hudson,1
378,2018-01-09T17:22:41+0000,https://www.nytimes.com/2018/01/09/dining/ferris-review-chelsea.html,ferris chelsea,2
379,2014-07-29T18:14:11+0000,https://www.nytimes.com/2014/07/30/dining/restaurant-review-russ-daughters-cafe.html, russ daughters cafe,2
380,2019-05-14T19:02:01+0000,https://www.nytimes.com/2019/05/14/dining/del-posto-review-pete-wells.html,del posto ,3
381,2019-07-09T15:39:58+0000,https://www.nytimes.com/2019/07/09/dining/701west-restaurant-review.html,701west ,3
382,2013-04-16T17:55:05+0000,https://www.nytimes.com/2013/04/17/dining/reviews/restaurant-review-manzanilla-in-manhattan.html, manzanilla in manhattan,1
383,2013-03-12T20:07:47+0000,https://www.nytimes.com/2013/03/13/dining/reviews/restaurant-review-jeepney-in-the-east-village-pig-and-khao-on-the-lower-east-side.html, jeepney in the east village pig and khao ,2
384,2014-12-02T18:28:14+0000,https://www.nytimes.com/2014/12/03/dining/restaurant-review-danny-meyers-marta-in-nomad.html, danny meyers marta in nomad,2
385,2014-10-07T21:03:45+0000,https://www.nytimes.com/2014/10/08/dining/restaurant-review-huertas-in-the-east-village.html, huertas in the east village,2
386,2013-06-18T21:11:45+0000,https://www.nytimes.com/2013/06/19/dining/reviews/restaurant-review-kajitsu-in-murray-hill.html, kajitsu in murray hill,2
387,2013-06-11T20:00:52+0000,https://www.nytimes.com/2013/06/12/dining/reviews/restaurant-review-montmartre-in-chelsea.html, montmartre in chelsea,2
388,2013-02-05T16:56:30+0000,https://www.nytimes.com/2013/02/06/dining/reviews/restaurant-review-maysville-in-manhattan.html, maysville in manhattan,2
389,2013-09-10T21:00:33+0000,https://www.nytimes.com/2013/09/11/dining/reviews/restaurant-review-armani-ristorante-fifth-avenue-in-midtown.html, armani ristorante fifth avenue in midtown,2
390,2013-06-04T20:23:20+0000,https://www.nytimes.com/2013/06/05/dining/reviews/restaurant-review-carbone-in-manhattan.html, carbone in manhattan,3
391,2013-02-12T19:33:48+0000,https://www.nytimes.com/2013/02/13/dining/reviews/restaurant-review-aska-in-williamsburg-brooklyn.html, aska in williamsburg brooklyn,0
392,2019-06-18T15:36:19+0000,https://www.nytimes.com/2019/06/18/dining/van-da-restaurant-review.html,van da ,1
393,2012-06-26T20:21:16+0000,https://www.nytimes.com/2012/06/27/dining/reviews/pok-pok-ny-brooklyn-restaurant-review.html,pok pok ny brooklyn ,0
394,2012-03-06T20:16:07+0000,https://www.nytimes.com/2012/03/07/dining/reviews/redfarm-in-the-west-village-turns-up-the-flavors.html,redfarm in the west village turns up the flavors,0
395,2012-08-14T20:49:59+0000,https://www.nytimes.com/2012/08/15/dining/reviews/biang-nyc-restaurant-review.html,biang nyc ,0
396,2012-07-10T20:22:27+0000,https://www.nytimes.com/2012/07/11/dining/reviews/almayass-in-manhattan-restaurant-review.html,almayass in manhattan ,0
397,2014-12-09T17:51:00+0000,https://www.nytimes.com/2014/12/10/dining/restaurant-review-dirty-french-on-the-lower-east-side.html, dirty french ,2
398,2014-08-26T18:39:02+0000,https://www.nytimes.com/2014/08/27/dining/restaurant-review-batard-in-tribeca.html, batard in tribeca,3
399,2009-10-06T20:55:17+0000,https://www.nytimes.com/2009/10/07/dining/reviews/07rest.html,07rest,2
